"Term","Estimate","Std_Error","Z_Value","P_Value","Odds_Ratio","OR_CI_Lower","OR_CI_Upper"
"(Intercept)",-31.5660685235374,1947653.42382764,-1.6207230782108e-05,0.999987068500786,1.95447727345696e-14,0,Inf
"ContractOne year",-1.34277396833033e-13,2201793.55316325,-6.09854618931556e-20,1,0.999999999999866,0,Inf
"ContractTwo year",-1.2683670998168e-13,2358749.30879706,-5.37728657762132e-20,1,0.999999999999873,0,Inf
"`Internet Service`Fiber optic",-1.64265010591257e-13,1922816.80777521,-8.54293606790962e-20,1,0.999999999999836,0,Inf
"`Internet Service`No",-1.0494712484969e-13,2692138.2106606,-3.89828146393486e-20,1,0.999999999999895,0,Inf
"`Tech Support`Yes",-1.68689721007051e-13,2100857.12135577,-8.02956656558295e-20,1,0.999999999999831,0,Inf
"`Online Security`Yes",2.87702176606545e-13,2063589.9052521,1.39418290365885e-19,1,1.00000000000029,0,Inf
"`Senior Citizen`Yes",-5.92225131468908e-14,2265969.74949662,-2.61356150760825e-20,1,0.999999999999941,0,Inf
"PartnerYes",-1.04557149053117e-13,1687356.51922722,-6.196506065061e-20,1,0.999999999999895,0,Inf
